id,http_code_old,IPA,http_code_latest
p_en:e0ed60c3-8c03-4fef-bd26-30b8bc2bf661,500,p_en,000
p_en:040b441c-e8fe-4d31-847c-d0ebcdb0ee5d,500,p_en,000
p_en:9f04517b-f753-4f5b-8289-55e9d4a8e3b9,500,p_en,000
p_en:734c7ad8-346e-4214-b7f6-c714fa5146c9,500,p_en,000
p_en:c43898c4-e256-43d7-b8b3-b3c1d3a70088,500,p_en,000
p_en:0de662f3-2bea-42ac-9329-979480f7a26b,500,p_en,000
p_en:a75e9988-ae93-4d23-8d53-798554ff77e9,500,p_en,000
p_en:7f8a4c0d-36af-4350-b850-78244bf56f5b,500,p_en,000
p_en:f13b12e4-7dbc-4778-bc4f-9f644e9aa644,500,p_en,000
p_en:f4bb28ce-1952-4ed5-bfc9-f2b3e20cb780,500,p_en,000
p_en:b5fcf2b2-e26f-4bac-ae75-3ec64bc0461b,500,p_en,000
p_en:a5267e96-8677-46a2-b578-d37dda34b1e8,500,p_en,000
p_en:067769e7-59b0-4d39-980f-ebbe241a16a8,500,p_en,000
p_en:025040aa-3fa6-41e9-8ed3-74f528c594e7,500,p_en,000
p_en:8af0ee7c-85f3-4e08-9e84-9148326b3bae,500,p_en,000
p_en:ae30b3f7-5e5b-4986-86ce-8fde777c3fd9,500,p_en,000
p_en:8f552836-f996-4dd9-89c5-7d625d00a4d7,500,p_en,000
p_en:3c954a9c-2002-48fb-a8de-c02cf284c08c,500,p_en,000
p_en:6c3380a3-82b8-4de1-a698-152719fe932c,500,p_en,000
p_en:864e80fc-3c63-4a5e-a65f-7cf37e481b76,500,p_en,000
p_en:1cd8c624-d8bc-4314-b6df-c28671373b6e,500,p_en,000
p_en:ebbfa357-42fb-45f7-9f98-73e3c8c7e611,500,p_en,000
p_en:0199ab93-2a84-4484-a7b6-b0d8d573592b,500,p_en,000
p_en:0450c77e-d4d0-4bf3-af8a-6fe60b44b7dc,500,p_en,000
p_en:1d2aa4db-344e-46b6-b290-e93263efc826,500,p_en,000
p_en:57ee0702-c375-4e77-82cb-eeb15b021863,500,p_en,000
p_en:efd18559-53c0-41fc-b5fa-e8c5bbc8d99a,500,p_en,000
p_en:ebe9b2b3-bdc1-410b-9ea7-6bf42ba9fd25,500,p_en,000
p_en:0aff6cc1-116c-4f35-af9f-d4b9b458793f,500,p_en,000
r_sicili:9712c7ad-ccf8-47fd-9453-8d84e412a862,200,r_sicili,503
r_sicili:e5ea1548-dd80-4e95-aa4f-baaf7a453d12,200,r_sicili,503
p_en:19673e78-4689-4da6-a95a-4c0991f4cb25,500,p_en,000
p_en:c289b9cf-59bf-448d-bc41-d756be5c5eb2,500,p_en,000
p_en:dc36c2dc-3fe8-41f6-a404-fe173de01272,500,p_en,000
p_en:c9ff5783-7f95-4083-8768-194e0fe68d66,500,p_en,000
p_en:a903c356-7942-4b8c-90bc-62696012c20e,500,p_en,000
p_en:bd4e8668-65e2-4e41-9b18-1229b534ebe2,500,p_en,000
p_en:0332366f-3408-4602-8894-c3c710753d77,500,p_en,000
p_en:71380bff-57c9-478d-8c6f-d42b758bc213,500,p_en,000
p_en:6ee21955-320b-4797-be8e-cbd1de4299a1,500,p_en,000
p_en:83c0a407-a7db-4b08-bb02-9adff8cf3a7a,500,p_en,000
p_en:6aa3fe1c-ae94-440b-b017-284b8a5b808f,500,p_en,000
p_en:c69d3a68-24c5-40c6-9110-ce0a7c5753f1,500,p_en,000
p_en:711a4030-2752-40cc-908e-75018da96f1a,500,p_en,000
p_en:cfed7979-d39e-42c0-978d-00c08be89916,500,p_en,000
p_en:d44e747b-0b1b-49d7-a215-ec0e3426f11d,500,p_en,000
p_en:8655efec-ac20-4f6c-bf6c-9d22675f2db8,500,p_en,000
p_en:99ae5eb0-fb8e-404c-847b-75c27e4f8c54,500,p_en,000
p_en:62591b37-cebb-4ab0-bf03-397343cab069,500,p_en,000
p_en:d7dca676-08c0-4453-9a42-909139d3777c,500,p_en,000
p_en:6f2e5533-c78f-45c7-8a94-3e7a591c16b9,500,p_en,000
p_en:e60dabe7-9f34-4c64-8484-90aa0d0bea0e,500,p_en,000
p_en:24f2e588-cfc9-4264-a1cd-839a1df802c5,500,p_en,000
p_en:bf6e8906-e866-400b-b729-57e4bbe9c26b,500,p_en,000
p_en:a3bde25e-77ba-4a38-96ff-d560f43cc973,500,p_en,000
p_en:6bcd424b-d58d-4438-b13b-a2e0f9c816b7,500,p_en,000
p_en:61766991-bfe3-4b81-934f-dbbfd50a6f48,500,p_en,000
p_en:e472bce5-9e18-4651-b7e3-cba3060480a5,500,p_en,000
p_en:b9814061-0bc2-4b9d-9c8f-63f8515776ea,500,p_en,000
p_en:bcfcad0d-de4c-4396-9117-95df0e13b1b8,500,p_en,000
